Original Network Traffic and Log data/Friday-02-03-2018/logs.zip	236732757
Original Network Traffic and Log data/Friday-02-03-2018/pcap.zip	44789835888
Original Network Traffic and Log data/Friday-16-02-2018/logs.zip	155242304
Original Network Traffic and Log data/Friday-16-02-2018/pcap.zip	38535667707
Original Network Traffic and Log data/Friday-23-02-2018/logs.zip	209495495
Original Network Traffic and Log data/Friday-23-02-2018/pcap.zip	59093922810
Original Network Traffic and Log data/Thursday-01-03-2018/logs.zip	227624294
Original Network Traffic and Log data/Thursday-01-03-2018/pcap.zip	52358069106
Original Network Traffic and Log data/Thursday-15-02-2018/logs.zip	149507154
Original Network Traffic and Log data/Thursday-15-02-2018/pcap.zip	41283382768
Original Network Traffic and Log data/Thursday-22-02-2018/logs.zip	204766212
Original Network Traffic and Log data/Thursday-22-02-2018/pcap.zip	50240938251
Original Network Traffic and Log data/Tuesday-20-02-2018/logs.zip	187634555
Original Network Traffic and Log data/Tuesday-20-02-2018/pcap.rar	44391980380
Original Network Traffic and Log data/Wednesday-14-02-2018/logs.zip	140178796
Original Network Traffic and Log data/Wednesday-14-02-2018/pcap.zip	39913353098
Original Network Traffic and Log data/Wednesday-21-02-2018/logs.zip	194615081
Original Network Traffic and Log data/Wednesday-21-02-2018/pcap.zip	53462820707
Original Network Traffic and Log data/Wednesday-28-02-2018/logs.zip	226631826
Original Network Traffic and Log data/Wednesday-28-02-2018/pcap.zip	53251694487
Processed Traffic Data for ML Algorithms/Friday-02-03-2018_TrafficForML_CICFlowMeter.csv	352368373
Processed Traffic Data for ML Algorithms/Friday-16-02-2018_TrafficForML_CICFlowMeter.csv	333723605
Processed Traffic Data for ML Algorithms/Friday-23-02-2018_TrafficForML_CICFlowMeter.csv	382840456
Processed Traffic Data for ML Algorithms/Thuesday-20-02-2018_TrafficForML_CICFlowMeter.csv	4054925350
Processed Traffic Data for ML Algorithms/Thursday-01-03-2018_TrafficForML_CICFlowMeter.csv	107842858
Processed Traffic Data for ML Algorithms/Thursday-15-02-2018_TrafficForML_CICFlowMeter.csv	375945899
Processed Traffic Data for ML Algorithms/Thursday-22-02-2018_TrafficForML_CICFlowMeter.csv	382636202
Processed Traffic Data for ML Algorithms/Wednesday-14-02-2018_TrafficForML_CICFlowMeter.csv	358223333
Processed Traffic Data for ML Algorithms/Wednesday-21-02-2018_TrafficForML_CICFlowMeter.csv	328893673
Processed Traffic Data for ML Algorithms/Wednesday-28-02-2018_TrafficForML_CICFlowMeter.csv	209249758
